,date,unemployment,monthly,inflation,economy
0,2018-04-01,4,2018-04-01,,
1,2018-04-01,4,2018-04-01,26.0,
2,2018-04-08,4,2018-04-01,,
3,2018-04-08,4,2018-04-01,31.0,
4,2018-04-15,4,2018-04-01,,
5,2018-04-15,4,2018-04-01,29.0,
6,2018-04-22,4,2018-04-01,,
7,2018-04-22,4,2018-04-01,30.0,
8,2018-04-29,4,2018-04-01,,
9,2018-04-29,4,2018-04-01,31.0,
10,2018-05-06,4,2018-05-01,,
11,2018-05-06,4,2018-05-01,28.0,
12,2018-05-13,4,2018-05-01,,
13,2018-05-13,4,2018-05-01,26.0,
14,2018-05-20,4,2018-05-01,,
15,2018-05-20,4,2018-05-01,22.0,
16,2018-05-27,4,2018-05-01,,
17,2018-05-27,4,2018-05-01,21.0,
18,2018-06-03,4,2018-06-01,,
19,2018-06-03,4,2018-06-01,19.0,
20,2018-06-10,4,2018-06-01,,
21,2018-06-10,4,2018-06-01,20.0,
22,2018-06-17,3,2018-06-01,,
23,2018-06-17,3,2018-06-01,17.0,
24,2018-06-24,4,2018-06-01,,
25,2018-06-24,4,2018-06-01,18.0,
26,2018-07-01,4,2018-07-01,,
27,2018-07-01,4,2018-07-01,17.0,
28,2018-07-08,4,2018-07-01,,
29,2018-07-08,4,2018-07-01,18.0,
30,2018-07-15,4,2018-07-01,,
31,2018-07-15,4,2018-07-01,18.0,
32,2018-07-22,4,2018-07-01,,
33,2018-07-22,4,2018-07-01,21.0,
34,2018-07-29,4,2018-07-01,,
35,2018-07-29,4,2018-07-01,21.0,
36,2018-08-05,4,2018-08-01,,
37,2018-08-05,4,2018-08-01,19.0,
38,2018-08-12,4,2018-08-01,,
39,2018-08-12,4,2018-08-01,19.0,
40,2018-08-19,3,2018-08-01,,
41,2018-08-19,3,2018-08-01,18.0,
42,2018-08-26,3,2018-08-01,,
43,2018-08-26,3,2018-08-01,21.0,
44,2018-09-02,3,2018-09-01,,
45,2018-09-02,3,2018-09-01,23.0,
46,2018-09-09,4,2018-09-01,,
47,2018-09-09,4,2018-09-01,27.0,
48,2018-09-16,4,2018-09-01,,
49,2018-09-16,4,2018-09-01,27.0,
50,2018-09-23,4,2018-09-01,,
51,2018-09-23,4,2018-09-01,28.0,
52,2018-09-30,4,2018-09-01,,
53,2018-09-30,4,2018-09-01,29.0,
54,2018-10-07,4,2018-10-01,,
55,2018-10-07,4,2018-10-01,31.0,
56,2018-10-14,4,2018-10-01,,
57,2018-10-14,4,2018-10-01,27.0,
58,2018-10-21,4,2018-10-01,,
59,2018-10-21,4,2018-10-01,27.0,
60,2018-10-28,4,2018-10-01,,
61,2018-10-28,4,2018-10-01,28.0,
62,2018-11-04,4,2018-11-01,,
63,2018-11-04,4,2018-11-01,27.0,
64,2018-11-11,4,2018-11-01,,
65,2018-11-11,4,2018-11-01,29.0,
66,2018-11-18,4,2018-11-01,,
67,2018-11-18,4,2018-11-01,23.0,
68,2018-11-25,4,2018-11-01,,
69,2018-11-25,4,2018-11-01,31.0,
70,2018-12-02,4,2018-12-01,,
71,2018-12-02,4,2018-12-01,31.0,
72,2018-12-09,4,2018-12-01,,
73,2018-12-09,4,2018-12-01,33.0,
74,2018-12-16,4,2018-12-01,,
75,2018-12-16,4,2018-12-01,27.0,
76,2018-12-23,4,2018-12-01,,
77,2018-12-23,4,2018-12-01,18.0,
78,2018-12-30,6,2018-12-01,,
79,2018-12-30,6,2018-12-01,18.0,
80,2019-01-06,6,2019-01-01,,
81,2019-01-06,6,2019-01-01,24.0,
82,2019-01-13,6,2019-01-01,,
83,2019-01-13,6,2019-01-01,26.0,
84,2019-01-20,6,2019-01-01,,
85,2019-01-20,6,2019-01-01,25.0,
86,2019-01-27,5,2019-01-01,,
87,2019-01-27,5,2019-01-01,28.0,
88,2019-02-03,5,2019-02-01,,
89,2019-02-03,5,2019-02-01,26.0,
90,2019-02-10,5,2019-02-01,,
91,2019-02-10,5,2019-02-01,29.0,
92,2019-02-17,4,2019-02-01,,
93,2019-02-17,4,2019-02-01,28.0,
94,2019-02-24,4,2019-02-01,,
95,2019-02-24,4,2019-02-01,30.0,
96,2019-03-03,4,2019-03-01,,
97,2019-03-03,4,2019-03-01,28.0,
98,2019-03-10,4,2019-03-01,,
99,2019-03-10,4,2019-03-01,26.0,
100,2019-03-17,4,2019-03-01,,
101,2019-03-17,4,2019-03-01,26.0,
102,2019-03-24,4,2019-03-01,,
103,2019-03-24,4,2019-03-01,29.0,
104,2019-03-31,4,2019-03-01,,
105,2019-03-31,4,2019-03-01,32.0,
106,2019-04-07,4,2019-04-01,,
107,2019-04-07,4,2019-04-01,30.0,
108,2019-04-14,4,2019-04-01,,
109,2019-04-14,4,2019-04-01,29.0,
110,2019-04-21,4,2019-04-01,,
111,2019-04-21,4,2019-04-01,31.0,
112,2019-04-28,4,2019-04-01,,
113,2019-04-28,4,2019-04-01,35.0,
114,2019-05-05,4,2019-05-01,,
115,2019-05-05,4,2019-05-01,30.0,
116,2019-05-12,3,2019-05-01,,
117,2019-05-12,3,2019-05-01,26.0,
118,2019-05-19,3,2019-05-01,,
119,2019-05-19,3,2019-05-01,22.0,
120,2019-05-26,4,2019-05-01,,
121,2019-05-26,4,2019-05-01,20.0,
122,2019-06-02,4,2019-06-01,,
123,2019-06-02,4,2019-06-01,21.0,
124,2019-06-09,4,2019-06-01,,
125,2019-06-09,4,2019-06-01,20.0,
126,2019-06-16,4,2019-06-01,,
127,2019-06-16,4,2019-06-01,21.0,
128,2019-06-23,4,2019-06-01,,
129,2019-06-23,4,2019-06-01,19.0,
130,2019-06-30,4,2019-06-01,,
131,2019-06-30,4,2019-06-01,17.0,
132,2019-07-07,4,2019-07-01,,
133,2019-07-07,4,2019-07-01,21.0,
134,2019-07-14,4,2019-07-01,,
135,2019-07-14,4,2019-07-01,19.0,
136,2019-07-21,4,2019-07-01,,
137,2019-07-21,4,2019-07-01,21.0,
138,2019-07-28,4,2019-07-01,,
139,2019-07-28,4,2019-07-01,20.0,
140,2019-08-04,4,2019-08-01,,
141,2019-08-04,4,2019-08-01,17.0,
142,2019-08-11,4,2019-08-01,,
143,2019-08-11,4,2019-08-01,19.0,
144,2019-08-18,4,2019-08-01,,
145,2019-08-18,4,2019-08-01,18.0,
146,2019-08-25,3,2019-08-01,,
147,2019-08-25,3,2019-08-01,18.0,
148,2019-09-01,3,2019-09-01,,
149,2019-09-01,3,2019-09-01,19.0,
150,2019-09-08,3,2019-09-01,,
151,2019-09-08,3,2019-09-01,24.0,
152,2019-09-15,3,2019-09-01,,
153,2019-09-15,3,2019-09-01,27.0,
154,2019-09-22,4,2019-09-01,,
155,2019-09-22,4,2019-09-01,28.0,
156,2019-09-29,4,2019-09-01,,
157,2019-09-29,4,2019-09-01,28.0,
158,2019-10-06,4,2019-10-01,,
159,2019-10-06,4,2019-10-01,28.0,
160,2019-10-13,4,2019-10-01,,
161,2019-10-13,4,2019-10-01,29.0,
162,2019-10-20,4,2019-10-01,,
163,2019-10-20,4,2019-10-01,27.0,
164,2019-10-27,4,2019-10-01,,
165,2019-10-27,4,2019-10-01,29.0,
166,2019-11-03,4,2019-11-01,,
167,2019-11-03,4,2019-11-01,29.0,
168,2019-11-10,4,2019-11-01,,
169,2019-11-10,4,2019-11-01,28.0,
170,2019-11-17,4,2019-11-01,,
171,2019-11-17,4,2019-11-01,30.0,
172,2019-11-24,3,2019-11-01,,
173,2019-11-24,3,2019-11-01,23.0,
174,2019-12-01,4,2019-12-01,,
175,2019-12-01,4,2019-12-01,29.0,
176,2019-12-08,4,2019-12-01,,
177,2019-12-08,4,2019-12-01,30.0,
178,2019-12-15,4,2019-12-01,,
179,2019-12-15,4,2019-12-01,27.0,
180,2019-12-22,4,2019-12-01,,
181,2019-12-22,4,2019-12-01,19.0,
182,2019-12-29,5,2019-12-01,,
183,2019-12-29,5,2019-12-01,18.0,
184,2020-01-05,5,2020-01-01,,
185,2020-01-05,5,2020-01-01,22.0,
186,2020-01-12,5,2020-01-01,,
187,2020-01-12,5,2020-01-01,24.0,
188,2020-01-19,5,2020-01-01,,
189,2020-01-19,5,2020-01-01,25.0,
190,2020-01-26,5,2020-01-01,,
191,2020-01-26,5,2020-01-01,27.0,
192,2020-02-02,5,2020-02-01,,
193,2020-02-02,5,2020-02-01,28.0,
194,2020-02-09,5,2020-02-01,,
195,2020-02-09,5,2020-02-01,30.0,
196,2020-02-16,4,2020-02-01,,
197,2020-02-16,4,2020-02-01,27.0,
198,2020-02-23,5,2020-02-01,,
199,2020-02-23,5,2020-02-01,31.0,
200,2020-03-01,4,2020-03-01,,
201,2020-03-01,4,2020-03-01,28.0,
202,2020-03-08,5,2020-03-01,,
203,2020-03-08,5,2020-03-01,25.0,
204,2020-03-15,39,2020-03-01,,
205,2020-03-15,39,2020-03-01,23.0,
206,2020-03-22,73,2020-03-01,,
207,2020-03-22,73,2020-03-01,29.0,
208,2020-03-29,100,2020-03-01,,
209,2020-03-29,100,2020-03-01,28.0,
210,2020-04-05,89,2020-04-01,,
211,2020-04-05,89,2020-04-01,31.0,
212,2020-04-12,95,2020-04-01,,
213,2020-04-12,95,2020-04-01,30.0,
214,2020-04-19,87,2020-04-01,,
215,2020-04-19,87,2020-04-01,30.0,
216,2020-04-26,82,2020-04-01,,
217,2020-04-26,82,2020-04-01,29.0,
218,2020-05-03,71,2020-05-01,,
219,2020-05-03,71,2020-05-01,32.0,
220,2020-05-10,64,2020-05-01,,
221,2020-05-10,64,2020-05-01,31.0,
222,2020-05-17,65,2020-05-01,,
223,2020-05-17,65,2020-05-01,28.0,
224,2020-05-24,61,2020-05-01,,
225,2020-05-24,61,2020-05-01,23.0,
226,2020-05-31,58,2020-05-01,,
227,2020-05-31,58,2020-05-01,20.0,
228,2020-06-07,54,2020-06-01,,
229,2020-06-07,54,2020-06-01,24.0,
230,2020-06-14,49,2020-06-01,,
231,2020-06-14,49,2020-06-01,22.0,
232,2020-06-21,53,2020-06-01,,
233,2020-06-21,53,2020-06-01,21.0,
234,2020-06-28,55,2020-06-01,,
235,2020-06-28,55,2020-06-01,21.0,
236,2020-07-05,54,2020-07-01,,
237,2020-07-05,54,2020-07-01,22.0,
238,2020-07-12,52,2020-07-01,,
239,2020-07-12,52,2020-07-01,22.0,
240,2020-07-19,57,2020-07-01,,
241,2020-07-19,57,2020-07-01,25.0,
242,2020-07-26,54,2020-07-01,,
243,2020-07-26,54,2020-07-01,24.0,
244,2020-08-02,52,2020-08-01,,
245,2020-08-02,52,2020-08-01,24.0,
246,2020-08-09,50,2020-08-01,,
247,2020-08-09,50,2020-08-01,23.0,
248,2020-08-16,42,2020-08-01,,
249,2020-08-16,42,2020-08-01,20.0,
250,2020-08-23,48,2020-08-01,,
251,2020-08-23,48,2020-08-01,30.0,
252,2020-08-30,41,2020-08-01,,
253,2020-08-30,41,2020-08-01,29.0,
254,2020-09-06,43,2020-09-01,,
255,2020-09-06,43,2020-09-01,24.0,
256,2020-09-13,41,2020-09-01,,
257,2020-09-13,41,2020-09-01,29.0,
258,2020-09-20,36,2020-09-01,,
259,2020-09-20,36,2020-09-01,27.0,
260,2020-09-27,34,2020-09-01,,
261,2020-09-27,34,2020-09-01,27.0,
262,2020-10-04,30,2020-10-01,,
263,2020-10-04,30,2020-10-01,28.0,
264,2020-10-11,32,2020-10-01,,
265,2020-10-11,32,2020-10-01,26.0,
266,2020-10-18,32,2020-10-01,,
267,2020-10-18,32,2020-10-01,28.0,
268,2020-10-25,26,2020-10-01,,
269,2020-10-25,26,2020-10-01,28.0,
270,2020-11-01,21,2020-11-01,,
271,2020-11-01,21,2020-11-01,23.0,
272,2020-11-08,26,2020-11-01,,
273,2020-11-08,26,2020-11-01,27.0,
274,2020-11-15,26,2020-11-01,,
275,2020-11-15,26,2020-11-01,29.0,
276,2020-11-22,26,2020-11-01,,
277,2020-11-22,26,2020-11-01,21.0,
278,2020-11-29,31,2020-11-01,,
279,2020-11-29,31,2020-11-01,29.0,
280,2020-12-06,28,2020-12-01,,
281,2020-12-06,28,2020-12-01,30.0,
282,2020-12-13,31,2020-12-01,,
283,2020-12-13,31,2020-12-01,31.0,
284,2020-12-20,37,2020-12-01,,
285,2020-12-20,37,2020-12-01,21.0,
286,2020-12-27,42,2020-12-01,,
287,2020-12-27,42,2020-12-01,21.0,
288,2021-01-03,45,2021-01-01,,
289,2021-01-03,45,2021-01-01,25.0,
290,2021-01-10,41,2021-01-01,,
291,2021-01-10,41,2021-01-01,31.0,
292,2021-01-17,41,2021-01-01,,
293,2021-01-17,41,2021-01-01,31.0,
294,2021-01-24,41,2021-01-01,,
295,2021-01-24,41,2021-01-01,32.0,
296,2021-01-31,39,2021-01-01,,
297,2021-01-31,39,2021-01-01,33.0,
298,2021-02-07,32,2021-02-01,,
299,2021-02-07,32,2021-02-01,35.0,
300,2021-02-14,34,2021-02-01,,
301,2021-02-14,34,2021-02-01,34.0,
302,2021-02-21,31,2021-02-01,,
303,2021-02-21,31,2021-02-01,43.0,
304,2021-02-28,28,2021-02-01,,
305,2021-02-28,28,2021-02-01,42.0,
306,2021-03-07,33,2021-03-01,,
307,2021-03-07,33,2021-03-01,41.0,
308,2021-03-14,32,2021-03-01,,
309,2021-03-14,32,2021-03-01,36.0,
310,2021-03-21,34,2021-03-01,,
311,2021-03-21,34,2021-03-01,33.0,
312,2021-03-28,30,2021-03-01,,
313,2021-03-28,30,2021-03-01,31.0,
314,2021-04-04,29,2021-04-01,,
315,2021-04-04,29,2021-04-01,34.0,
316,2021-04-11,25,2021-04-01,,
317,2021-04-11,25,2021-04-01,37.0,
318,2021-04-18,26,2021-04-01,,
319,2021-04-18,26,2021-04-01,33.0,
320,2021-04-25,28,2021-04-01,,
321,2021-04-25,28,2021-04-01,37.0,
322,2021-05-02,31,2021-05-01,,
323,2021-05-02,31,2021-05-01,50.0,
324,2021-05-09,29,2021-05-01,,
325,2021-05-09,29,2021-05-01,78.0,
326,2021-05-16,27,2021-05-01,,
327,2021-05-16,27,2021-05-01,43.0,
328,2021-05-23,25,2021-05-01,,
329,2021-05-23,25,2021-05-01,39.0,
330,2021-05-30,26,2021-05-01,,
331,2021-05-30,26,2021-05-01,36.0,
332,2021-06-06,28,2021-06-01,,
333,2021-06-06,28,2021-06-01,49.0,
334,2021-06-13,24,2021-06-01,,
335,2021-06-13,24,2021-06-01,49.0,
336,2021-06-20,24,2021-06-01,,
337,2021-06-20,24,2021-06-01,37.0,
338,2021-06-27,23,2021-06-01,,
339,2021-06-27,23,2021-06-01,30.0,
340,2021-07-04,23,2021-07-01,,
341,2021-07-04,23,2021-07-01,31.0,
342,2021-07-11,23,2021-07-01,,
343,2021-07-11,23,2021-07-01,45.0,
344,2021-07-18,20,2021-07-01,,
345,2021-07-18,20,2021-07-01,35.0,
346,2021-07-25,20,2021-07-01,,
347,2021-07-25,20,2021-07-01,33.0,
348,2021-08-01,19,2021-08-01,,
349,2021-08-01,19,2021-08-01,30.0,
350,2021-08-08,21,2021-08-01,,
351,2021-08-08,21,2021-08-01,32.0,
352,2021-08-15,19,2021-08-01,,
353,2021-08-15,19,2021-08-01,31.0,
354,2021-08-22,19,2021-08-01,,
355,2021-08-22,19,2021-08-01,29.0,
356,2021-08-29,19,2021-08-01,,
357,2021-08-29,19,2021-08-01,25.0,
358,2021-09-05,20,2021-09-01,,
359,2021-09-05,20,2021-09-01,28.0,
360,2021-09-12,16,2021-09-01,,
361,2021-09-12,16,2021-09-01,36.0,
362,2021-09-19,12,2021-09-01,,
363,2021-09-19,12,2021-09-01,33.0,
364,2021-09-26,11,2021-09-01,,
365,2021-09-26,11,2021-09-01,36.0,
366,2021-10-03,9,2021-10-01,,
367,2021-10-03,9,2021-10-01,39.0,
368,2021-10-10,8,2021-10-01,,
369,2021-10-10,8,2021-10-01,52.0,
370,2021-10-17,7,2021-10-01,,
371,2021-10-17,7,2021-10-01,49.0,
372,2021-10-24,8,2021-10-01,,
373,2021-10-24,8,2021-10-01,51.0,
374,2021-10-31,7,2021-10-01,,
375,2021-10-31,7,2021-10-01,43.0,
376,2021-11-07,7,2021-11-01,,
377,2021-11-07,7,2021-11-01,85.0,
378,2021-11-14,7,2021-11-01,,
379,2021-11-14,7,2021-11-01,68.0,
380,2021-11-21,6,2021-11-01,,
381,2021-11-21,6,2021-11-01,43.0,
382,2021-11-28,6,2021-11-01,,
383,2021-11-28,6,2021-11-01,48.0,
384,2021-12-05,7,2021-12-01,,
385,2021-12-05,7,2021-12-01,64.0,
386,2021-12-12,6,2021-12-01,,
387,2021-12-12,6,2021-12-01,59.0,
388,2021-12-19,6,2021-12-01,,
389,2021-12-19,6,2021-12-01,41.0,
390,2021-12-26,6,2021-12-01,,
391,2021-12-26,6,2021-12-01,38.0,
392,2022-01-02,8,2022-01-01,,
393,2022-01-02,8,2022-01-01,46.0,
394,2022-01-09,9,2022-01-01,,
395,2022-01-09,9,2022-01-01,68.0,
396,2022-01-16,8,2022-01-01,,
397,2022-01-16,8,2022-01-01,55.0,
398,2022-01-23,9,2022-01-01,,
399,2022-01-23,9,2022-01-01,70.0,
400,2022-01-30,9,2022-01-01,,
401,2022-01-30,9,2022-01-01,53.0,
402,2022-02-06,8,2022-02-01,,
403,2022-02-06,8,2022-02-01,89.0,
404,2022-02-13,7,2022-02-01,,
405,2022-02-13,7,2022-02-01,80.0,
406,2022-02-20,6,2022-02-01,,
407,2022-02-20,6,2022-02-01,60.0,
408,2022-02-27,6,2022-02-01,,
409,2022-02-27,6,2022-02-01,71.0,
410,2022-03-06,6,2022-03-01,,
411,2022-03-06,6,2022-03-01,100.0,
412,2022-03-13,5,2022-03-01,,
413,2022-03-13,5,2022-03-01,79.0,
414,2022-03-20,6,2022-03-01,,
415,2022-03-20,6,2022-03-01,66.0,
416,2022-03-27,5,2022-03-01,,
417,2022-03-27,5,2022-03-01,70.0,
418,2018-04-01,4,2018-04-01,,
419,2018-04-01,4,2018-04-01,26.0,
420,2018-04-08,4,2018-04-01,,
421,2018-04-08,4,2018-04-01,31.0,
422,2018-04-15,4,2018-04-01,,
423,2018-04-15,4,2018-04-01,29.0,
424,2018-04-22,4,2018-04-01,,
425,2018-04-22,4,2018-04-01,30.0,
426,2018-04-29,4,2018-04-01,,
427,2018-04-29,4,2018-04-01,31.0,
428,2018-05-06,4,2018-05-01,,
429,2018-05-06,4,2018-05-01,28.0,
430,2018-05-13,4,2018-05-01,,
431,2018-05-13,4,2018-05-01,26.0,
432,2018-05-20,4,2018-05-01,,
433,2018-05-20,4,2018-05-01,22.0,
434,2018-05-27,4,2018-05-01,,
435,2018-05-27,4,2018-05-01,21.0,
436,2018-06-03,4,2018-06-01,,
437,2018-06-03,4,2018-06-01,19.0,
438,2018-06-10,4,2018-06-01,,
439,2018-06-10,4,2018-06-01,20.0,
440,2018-06-17,3,2018-06-01,,
441,2018-06-17,3,2018-06-01,17.0,
442,2018-06-24,4,2018-06-01,,
443,2018-06-24,4,2018-06-01,18.0,
444,2018-07-01,4,2018-07-01,,
445,2018-07-01,4,2018-07-01,17.0,
446,2018-07-08,4,2018-07-01,,
447,2018-07-08,4,2018-07-01,18.0,
448,2018-07-15,4,2018-07-01,,
449,2018-07-15,4,2018-07-01,18.0,
450,2018-07-22,4,2018-07-01,,
451,2018-07-22,4,2018-07-01,21.0,
452,2018-07-29,4,2018-07-01,,
453,2018-07-29,4,2018-07-01,21.0,
454,2018-08-05,4,2018-08-01,,
455,2018-08-05,4,2018-08-01,19.0,
456,2018-08-12,4,2018-08-01,,
457,2018-08-12,4,2018-08-01,19.0,
458,2018-08-19,3,2018-08-01,,
459,2018-08-19,3,2018-08-01,18.0,
460,2018-08-26,3,2018-08-01,,
461,2018-08-26,3,2018-08-01,21.0,
462,2018-09-02,3,2018-09-01,,
463,2018-09-02,3,2018-09-01,23.0,
464,2018-09-09,4,2018-09-01,,
465,2018-09-09,4,2018-09-01,27.0,
466,2018-09-16,4,2018-09-01,,
467,2018-09-16,4,2018-09-01,27.0,
468,2018-09-23,4,2018-09-01,,
469,2018-09-23,4,2018-09-01,28.0,
470,2018-09-30,4,2018-09-01,,
471,2018-09-30,4,2018-09-01,29.0,
472,2018-10-07,4,2018-10-01,,
473,2018-10-07,4,2018-10-01,31.0,
474,2018-10-14,4,2018-10-01,,
475,2018-10-14,4,2018-10-01,27.0,
476,2018-10-21,4,2018-10-01,,
477,2018-10-21,4,2018-10-01,27.0,
478,2018-10-28,4,2018-10-01,,
479,2018-10-28,4,2018-10-01,28.0,
480,2018-11-04,4,2018-11-01,,
481,2018-11-04,4,2018-11-01,27.0,
482,2018-11-11,4,2018-11-01,,
483,2018-11-11,4,2018-11-01,29.0,
484,2018-11-18,4,2018-11-01,,
485,2018-11-18,4,2018-11-01,23.0,
486,2018-11-25,4,2018-11-01,,
487,2018-11-25,4,2018-11-01,31.0,
488,2018-12-02,4,2018-12-01,,
489,2018-12-02,4,2018-12-01,31.0,
490,2018-12-09,4,2018-12-01,,
491,2018-12-09,4,2018-12-01,33.0,
492,2018-12-16,4,2018-12-01,,
493,2018-12-16,4,2018-12-01,27.0,
494,2018-12-23,4,2018-12-01,,
495,2018-12-23,4,2018-12-01,18.0,
496,2018-12-30,6,2018-12-01,,
497,2018-12-30,6,2018-12-01,18.0,
498,2019-01-06,6,2019-01-01,,
499,2019-01-06,6,2019-01-01,24.0,
500,2019-01-13,6,2019-01-01,,
501,2019-01-13,6,2019-01-01,26.0,
502,2019-01-20,6,2019-01-01,,
503,2019-01-20,6,2019-01-01,25.0,
504,2019-01-27,5,2019-01-01,,
505,2019-01-27,5,2019-01-01,28.0,
506,2019-02-03,5,2019-02-01,,
507,2019-02-03,5,2019-02-01,26.0,
508,2019-02-10,5,2019-02-01,,
509,2019-02-10,5,2019-02-01,29.0,
510,2019-02-17,4,2019-02-01,,
511,2019-02-17,4,2019-02-01,28.0,
512,2019-02-24,4,2019-02-01,,
513,2019-02-24,4,2019-02-01,30.0,
514,2019-03-03,4,2019-03-01,,
515,2019-03-03,4,2019-03-01,28.0,
516,2019-03-10,4,2019-03-01,,
517,2019-03-10,4,2019-03-01,26.0,
518,2019-03-17,4,2019-03-01,,
519,2019-03-17,4,2019-03-01,26.0,
520,2019-03-24,4,2019-03-01,,
521,2019-03-24,4,2019-03-01,29.0,
522,2019-03-31,4,2019-03-01,,
523,2019-03-31,4,2019-03-01,32.0,
524,2019-04-07,4,2019-04-01,,
525,2019-04-07,4,2019-04-01,30.0,
526,2019-04-14,4,2019-04-01,,
527,2019-04-14,4,2019-04-01,29.0,
528,2019-04-21,4,2019-04-01,,
529,2019-04-21,4,2019-04-01,31.0,
530,2019-04-28,4,2019-04-01,,
531,2019-04-28,4,2019-04-01,35.0,
532,2019-05-05,4,2019-05-01,,
533,2019-05-05,4,2019-05-01,30.0,
534,2019-05-12,3,2019-05-01,,
535,2019-05-12,3,2019-05-01,26.0,
536,2019-05-19,3,2019-05-01,,
537,2019-05-19,3,2019-05-01,22.0,
538,2019-05-26,4,2019-05-01,,
539,2019-05-26,4,2019-05-01,20.0,
540,2019-06-02,4,2019-06-01,,
541,2019-06-02,4,2019-06-01,21.0,
542,2019-06-09,4,2019-06-01,,
543,2019-06-09,4,2019-06-01,20.0,
544,2019-06-16,4,2019-06-01,,
545,2019-06-16,4,2019-06-01,21.0,
546,2019-06-23,4,2019-06-01,,
547,2019-06-23,4,2019-06-01,19.0,
548,2019-06-30,4,2019-06-01,,
549,2019-06-30,4,2019-06-01,17.0,
550,2019-07-07,4,2019-07-01,,
551,2019-07-07,4,2019-07-01,21.0,
552,2019-07-14,4,2019-07-01,,
553,2019-07-14,4,2019-07-01,19.0,
554,2019-07-21,4,2019-07-01,,
555,2019-07-21,4,2019-07-01,21.0,
556,2019-07-28,4,2019-07-01,,
557,2019-07-28,4,2019-07-01,20.0,
558,2019-08-04,4,2019-08-01,,
559,2019-08-04,4,2019-08-01,17.0,
560,2019-08-11,4,2019-08-01,,
561,2019-08-11,4,2019-08-01,19.0,
562,2019-08-18,4,2019-08-01,,
563,2019-08-18,4,2019-08-01,18.0,
564,2019-08-25,3,2019-08-01,,
565,2019-08-25,3,2019-08-01,18.0,
566,2019-09-01,3,2019-09-01,,
567,2019-09-01,3,2019-09-01,19.0,
568,2019-09-08,3,2019-09-01,,
569,2019-09-08,3,2019-09-01,24.0,
570,2019-09-15,3,2019-09-01,,
571,2019-09-15,3,2019-09-01,27.0,
572,2019-09-22,4,2019-09-01,,
573,2019-09-22,4,2019-09-01,28.0,
574,2019-09-29,4,2019-09-01,,
575,2019-09-29,4,2019-09-01,28.0,
576,2019-10-06,4,2019-10-01,,
577,2019-10-06,4,2019-10-01,28.0,
578,2019-10-13,4,2019-10-01,,
579,2019-10-13,4,2019-10-01,29.0,
580,2019-10-20,4,2019-10-01,,
581,2019-10-20,4,2019-10-01,27.0,
582,2019-10-27,4,2019-10-01,,
583,2019-10-27,4,2019-10-01,29.0,
584,2019-11-03,4,2019-11-01,,
585,2019-11-03,4,2019-11-01,29.0,
586,2019-11-10,4,2019-11-01,,
587,2019-11-10,4,2019-11-01,28.0,
588,2019-11-17,4,2019-11-01,,
589,2019-11-17,4,2019-11-01,30.0,
590,2019-11-24,3,2019-11-01,,
591,2019-11-24,3,2019-11-01,23.0,
592,2019-12-01,4,2019-12-01,,
593,2019-12-01,4,2019-12-01,29.0,
594,2019-12-08,4,2019-12-01,,
595,2019-12-08,4,2019-12-01,30.0,
596,2019-12-15,4,2019-12-01,,
597,2019-12-15,4,2019-12-01,27.0,
598,2019-12-22,4,2019-12-01,,
599,2019-12-22,4,2019-12-01,19.0,
600,2019-12-29,5,2019-12-01,,
601,2019-12-29,5,2019-12-01,18.0,
602,2020-01-05,5,2020-01-01,,
603,2020-01-05,5,2020-01-01,22.0,
604,2020-01-12,5,2020-01-01,,
605,2020-01-12,5,2020-01-01,24.0,
606,2020-01-19,5,2020-01-01,,
607,2020-01-19,5,2020-01-01,25.0,
608,2020-01-26,5,2020-01-01,,
609,2020-01-26,5,2020-01-01,27.0,
610,2020-02-02,5,2020-02-01,,
611,2020-02-02,5,2020-02-01,28.0,
612,2020-02-09,5,2020-02-01,,
613,2020-02-09,5,2020-02-01,30.0,
614,2020-02-16,4,2020-02-01,,
615,2020-02-16,4,2020-02-01,27.0,
616,2020-02-23,5,2020-02-01,,
617,2020-02-23,5,2020-02-01,31.0,
618,2020-03-01,4,2020-03-01,,
619,2020-03-01,4,2020-03-01,28.0,
620,2020-03-08,5,2020-03-01,,
621,2020-03-08,5,2020-03-01,25.0,
622,2020-03-15,39,2020-03-01,,
623,2020-03-15,39,2020-03-01,23.0,
624,2020-03-22,73,2020-03-01,,
625,2020-03-22,73,2020-03-01,29.0,
626,2020-03-29,100,2020-03-01,,
627,2020-03-29,100,2020-03-01,28.0,
628,2020-04-05,89,2020-04-01,,
629,2020-04-05,89,2020-04-01,31.0,
630,2020-04-12,95,2020-04-01,,
631,2020-04-12,95,2020-04-01,30.0,
632,2020-04-19,87,2020-04-01,,
633,2020-04-19,87,2020-04-01,30.0,
634,2020-04-26,82,2020-04-01,,
635,2020-04-26,82,2020-04-01,29.0,
636,2020-05-03,71,2020-05-01,,
637,2020-05-03,71,2020-05-01,32.0,
638,2020-05-10,64,2020-05-01,,
639,2020-05-10,64,2020-05-01,31.0,
640,2020-05-17,65,2020-05-01,,
641,2020-05-17,65,2020-05-01,28.0,
642,2020-05-24,61,2020-05-01,,
643,2020-05-24,61,2020-05-01,23.0,
644,2020-05-31,58,2020-05-01,,
645,2020-05-31,58,2020-05-01,20.0,
646,2020-06-07,54,2020-06-01,,
647,2020-06-07,54,2020-06-01,24.0,
648,2020-06-14,49,2020-06-01,,
649,2020-06-14,49,2020-06-01,22.0,
650,2020-06-21,53,2020-06-01,,
651,2020-06-21,53,2020-06-01,21.0,
652,2020-06-28,55,2020-06-01,,
653,2020-06-28,55,2020-06-01,21.0,
654,2020-07-05,54,2020-07-01,,
655,2020-07-05,54,2020-07-01,22.0,
656,2020-07-12,52,2020-07-01,,
657,2020-07-12,52,2020-07-01,22.0,
658,2020-07-19,57,2020-07-01,,
659,2020-07-19,57,2020-07-01,25.0,
660,2020-07-26,54,2020-07-01,,
661,2020-07-26,54,2020-07-01,24.0,
662,2020-08-02,52,2020-08-01,,
663,2020-08-02,52,2020-08-01,24.0,
664,2020-08-09,50,2020-08-01,,
665,2020-08-09,50,2020-08-01,23.0,
666,2020-08-16,42,2020-08-01,,
667,2020-08-16,42,2020-08-01,20.0,
668,2020-08-23,48,2020-08-01,,
669,2020-08-23,48,2020-08-01,30.0,
670,2020-08-30,41,2020-08-01,,
671,2020-08-30,41,2020-08-01,29.0,
672,2020-09-06,43,2020-09-01,,
673,2020-09-06,43,2020-09-01,24.0,
674,2020-09-13,41,2020-09-01,,
675,2020-09-13,41,2020-09-01,29.0,
676,2020-09-20,36,2020-09-01,,
677,2020-09-20,36,2020-09-01,27.0,
678,2020-09-27,34,2020-09-01,,
679,2020-09-27,34,2020-09-01,27.0,
680,2020-10-04,30,2020-10-01,,
681,2020-10-04,30,2020-10-01,28.0,
682,2020-10-11,32,2020-10-01,,
683,2020-10-11,32,2020-10-01,26.0,
684,2020-10-18,32,2020-10-01,,
685,2020-10-18,32,2020-10-01,28.0,
686,2020-10-25,26,2020-10-01,,
687,2020-10-25,26,2020-10-01,28.0,
688,2020-11-01,21,2020-11-01,,
689,2020-11-01,21,2020-11-01,23.0,
690,2020-11-08,26,2020-11-01,,
691,2020-11-08,26,2020-11-01,27.0,
692,2020-11-15,26,2020-11-01,,
693,2020-11-15,26,2020-11-01,29.0,
694,2020-11-22,26,2020-11-01,,
695,2020-11-22,26,2020-11-01,21.0,
696,2020-11-29,31,2020-11-01,,
697,2020-11-29,31,2020-11-01,29.0,
698,2020-12-06,28,2020-12-01,,
699,2020-12-06,28,2020-12-01,30.0,
700,2020-12-13,31,2020-12-01,,
701,2020-12-13,31,2020-12-01,31.0,
702,2020-12-20,37,2020-12-01,,
703,2020-12-20,37,2020-12-01,21.0,
704,2020-12-27,42,2020-12-01,,
705,2020-12-27,42,2020-12-01,21.0,
706,2021-01-03,45,2021-01-01,,
707,2021-01-03,45,2021-01-01,25.0,
708,2021-01-10,41,2021-01-01,,
709,2021-01-10,41,2021-01-01,31.0,
710,2021-01-17,41,2021-01-01,,
711,2021-01-17,41,2021-01-01,31.0,
712,2021-01-24,41,2021-01-01,,
713,2021-01-24,41,2021-01-01,32.0,
714,2021-01-31,39,2021-01-01,,
715,2021-01-31,39,2021-01-01,33.0,
716,2021-02-07,32,2021-02-01,,
717,2021-02-07,32,2021-02-01,35.0,
718,2021-02-14,34,2021-02-01,,
719,2021-02-14,34,2021-02-01,34.0,
720,2021-02-21,31,2021-02-01,,
721,2021-02-21,31,2021-02-01,43.0,
722,2021-02-28,28,2021-02-01,,
723,2021-02-28,28,2021-02-01,42.0,
724,2021-03-07,33,2021-03-01,,
725,2021-03-07,33,2021-03-01,41.0,
726,2021-03-14,32,2021-03-01,,
727,2021-03-14,32,2021-03-01,36.0,
728,2021-03-21,34,2021-03-01,,
729,2021-03-21,34,2021-03-01,33.0,
730,2021-03-28,30,2021-03-01,,
731,2021-03-28,30,2021-03-01,31.0,
732,2021-04-04,29,2021-04-01,,
733,2021-04-04,29,2021-04-01,34.0,
734,2021-04-11,25,2021-04-01,,
735,2021-04-11,25,2021-04-01,37.0,
736,2021-04-18,26,2021-04-01,,
737,2021-04-18,26,2021-04-01,33.0,
738,2021-04-25,28,2021-04-01,,
739,2021-04-25,28,2021-04-01,37.0,
740,2021-05-02,31,2021-05-01,,
741,2021-05-02,31,2021-05-01,50.0,
742,2021-05-09,29,2021-05-01,,
743,2021-05-09,29,2021-05-01,78.0,
744,2021-05-16,27,2021-05-01,,
745,2021-05-16,27,2021-05-01,43.0,
746,2021-05-23,25,2021-05-01,,
747,2021-05-23,25,2021-05-01,39.0,
748,2021-05-30,26,2021-05-01,,
749,2021-05-30,26,2021-05-01,36.0,
750,2021-06-06,28,2021-06-01,,
751,2021-06-06,28,2021-06-01,49.0,
752,2021-06-13,24,2021-06-01,,
753,2021-06-13,24,2021-06-01,49.0,
754,2021-06-20,24,2021-06-01,,
755,2021-06-20,24,2021-06-01,37.0,
756,2021-06-27,23,2021-06-01,,
757,2021-06-27,23,2021-06-01,30.0,
758,2021-07-04,23,2021-07-01,,
759,2021-07-04,23,2021-07-01,31.0,
760,2021-07-11,23,2021-07-01,,
761,2021-07-11,23,2021-07-01,45.0,
762,2021-07-18,20,2021-07-01,,
763,2021-07-18,20,2021-07-01,35.0,
764,2021-07-25,20,2021-07-01,,
765,2021-07-25,20,2021-07-01,33.0,
766,2021-08-01,19,2021-08-01,,
767,2021-08-01,19,2021-08-01,30.0,
768,2021-08-08,21,2021-08-01,,
769,2021-08-08,21,2021-08-01,32.0,
770,2021-08-15,19,2021-08-01,,
771,2021-08-15,19,2021-08-01,31.0,
772,2021-08-22,19,2021-08-01,,
773,2021-08-22,19,2021-08-01,29.0,
774,2021-08-29,19,2021-08-01,,
775,2021-08-29,19,2021-08-01,25.0,
776,2021-09-05,20,2021-09-01,,
777,2021-09-05,20,2021-09-01,28.0,
778,2021-09-12,16,2021-09-01,,
779,2021-09-12,16,2021-09-01,36.0,
780,2021-09-19,12,2021-09-01,,
781,2021-09-19,12,2021-09-01,33.0,
782,2021-09-26,11,2021-09-01,,
783,2021-09-26,11,2021-09-01,36.0,
784,2021-10-03,9,2021-10-01,,
785,2021-10-03,9,2021-10-01,39.0,
786,2021-10-10,8,2021-10-01,,
787,2021-10-10,8,2021-10-01,52.0,
788,2021-10-17,7,2021-10-01,,
789,2021-10-17,7,2021-10-01,49.0,
790,2021-10-24,8,2021-10-01,,
791,2021-10-24,8,2021-10-01,51.0,
792,2021-10-31,7,2021-10-01,,
793,2021-10-31,7,2021-10-01,43.0,
794,2021-11-07,7,2021-11-01,,
795,2021-11-07,7,2021-11-01,85.0,
796,2021-11-14,7,2021-11-01,,
797,2021-11-14,7,2021-11-01,68.0,
798,2021-11-21,6,2021-11-01,,
799,2021-11-21,6,2021-11-01,43.0,
800,2021-11-28,6,2021-11-01,,
801,2021-11-28,6,2021-11-01,48.0,
802,2021-12-05,7,2021-12-01,,
803,2021-12-05,7,2021-12-01,64.0,
804,2021-12-12,6,2021-12-01,,
805,2021-12-12,6,2021-12-01,59.0,
806,2021-12-19,6,2021-12-01,,
807,2021-12-19,6,2021-12-01,41.0,
808,2021-12-26,6,2021-12-01,,
809,2021-12-26,6,2021-12-01,38.0,
810,2022-01-02,8,2022-01-01,,
811,2022-01-02,8,2022-01-01,46.0,
812,2022-01-09,9,2022-01-01,,
813,2022-01-09,9,2022-01-01,68.0,
814,2022-01-16,8,2022-01-01,,
815,2022-01-16,8,2022-01-01,55.0,
816,2022-01-23,9,2022-01-01,,
817,2022-01-23,9,2022-01-01,70.0,
818,2022-01-30,9,2022-01-01,,
819,2022-01-30,9,2022-01-01,53.0,
820,2022-02-06,8,2022-02-01,,
821,2022-02-06,8,2022-02-01,89.0,
822,2022-02-13,7,2022-02-01,,
823,2022-02-13,7,2022-02-01,80.0,
824,2022-02-20,6,2022-02-01,,
825,2022-02-20,6,2022-02-01,60.0,
826,2022-02-27,6,2022-02-01,,
827,2022-02-27,6,2022-02-01,71.0,
828,2022-03-06,6,2022-03-01,,
829,2022-03-06,6,2022-03-01,100.0,
830,2022-03-13,5,2022-03-01,,
831,2022-03-13,5,2022-03-01,79.0,
832,2022-03-20,6,2022-03-01,,
833,2022-03-20,6,2022-03-01,66.0,
834,2022-03-27,5,2022-03-01,,
835,2022-03-27,5,2022-03-01,70.0,
836,2018-04-01,4,2018-04-01,,49.0
837,2018-04-01,4,2018-04-01,26.0,49.0
838,2018-04-08,4,2018-04-01,,64.0
839,2018-04-08,4,2018-04-01,31.0,64.0
840,2018-04-15,4,2018-04-01,,63.0
841,2018-04-15,4,2018-04-01,29.0,63.0
842,2018-04-22,4,2018-04-01,,62.0
843,2018-04-22,4,2018-04-01,30.0,62.0
844,2018-04-29,4,2018-04-01,,66.0
845,2018-04-29,4,2018-04-01,31.0,66.0
846,2018-05-06,4,2018-05-01,,62.0
847,2018-05-06,4,2018-05-01,28.0,62.0
848,2018-05-13,4,2018-05-01,,54.0
849,2018-05-13,4,2018-05-01,26.0,54.0
850,2018-05-20,4,2018-05-01,,54.0
851,2018-05-20,4,2018-05-01,22.0,54.0
852,2018-05-27,4,2018-05-01,,50.0
853,2018-05-27,4,2018-05-01,21.0,50.0
854,2018-06-03,4,2018-06-01,,42.0
855,2018-06-03,4,2018-06-01,19.0,42.0
856,2018-06-10,4,2018-06-01,,43.0
857,2018-06-10,4,2018-06-01,20.0,43.0
858,2018-06-17,3,2018-06-01,,40.0
859,2018-06-17,3,2018-06-01,17.0,40.0
860,2018-06-24,4,2018-06-01,,40.0
861,2018-06-24,4,2018-06-01,18.0,40.0
862,2018-07-01,4,2018-07-01,,39.0
863,2018-07-01,4,2018-07-01,17.0,39.0
864,2018-07-08,4,2018-07-01,,38.0
865,2018-07-08,4,2018-07-01,18.0,38.0
866,2018-07-15,4,2018-07-01,,39.0
867,2018-07-15,4,2018-07-01,18.0,39.0
868,2018-07-22,4,2018-07-01,,44.0
869,2018-07-22,4,2018-07-01,21.0,44.0
870,2018-07-29,4,2018-07-01,,42.0
871,2018-07-29,4,2018-07-01,21.0,42.0
872,2018-08-05,4,2018-08-01,,40.0
873,2018-08-05,4,2018-08-01,19.0,40.0
874,2018-08-12,4,2018-08-01,,39.0
875,2018-08-12,4,2018-08-01,19.0,39.0
876,2018-08-19,3,2018-08-01,,47.0
877,2018-08-19,3,2018-08-01,18.0,47.0
878,2018-08-26,3,2018-08-01,,53.0
879,2018-08-26,3,2018-08-01,21.0,53.0
880,2018-09-02,3,2018-09-01,,57.0
881,2018-09-02,3,2018-09-01,23.0,57.0
882,2018-09-09,4,2018-09-01,,68.0
883,2018-09-09,4,2018-09-01,27.0,68.0
884,2018-09-16,4,2018-09-01,,67.0
885,2018-09-16,4,2018-09-01,27.0,67.0
886,2018-09-23,4,2018-09-01,,63.0
887,2018-09-23,4,2018-09-01,28.0,63.0
888,2018-09-30,4,2018-09-01,,61.0
889,2018-09-30,4,2018-09-01,29.0,61.0
890,2018-10-07,4,2018-10-01,,63.0
891,2018-10-07,4,2018-10-01,31.0,63.0
892,2018-10-14,4,2018-10-01,,62.0
893,2018-10-14,4,2018-10-01,27.0,62.0
894,2018-10-21,4,2018-10-01,,64.0
895,2018-10-21,4,2018-10-01,27.0,64.0
896,2018-10-28,4,2018-10-01,,59.0
897,2018-10-28,4,2018-10-01,28.0,59.0
898,2018-11-04,4,2018-11-01,,59.0
899,2018-11-04,4,2018-11-01,27.0,59.0
900,2018-11-11,4,2018-11-01,,60.0
901,2018-11-11,4,2018-11-01,29.0,60.0
902,2018-11-18,4,2018-11-01,,39.0
903,2018-11-18,4,2018-11-01,23.0,39.0
904,2018-11-25,4,2018-11-01,,62.0
905,2018-11-25,4,2018-11-01,31.0,62.0
906,2018-12-02,4,2018-12-01,,65.0
907,2018-12-02,4,2018-12-01,31.0,65.0
908,2018-12-09,4,2018-12-01,,65.0
909,2018-12-09,4,2018-12-01,33.0,65.0
910,2018-12-16,4,2018-12-01,,52.0
911,2018-12-16,4,2018-12-01,27.0,52.0
912,2018-12-23,4,2018-12-01,,30.0
913,2018-12-23,4,2018-12-01,18.0,30.0
914,2018-12-30,6,2018-12-01,,38.0
915,2018-12-30,6,2018-12-01,18.0,38.0
916,2019-01-06,6,2019-01-01,,54.0
917,2019-01-06,6,2019-01-01,24.0,54.0
918,2019-01-13,6,2019-01-01,,59.0
919,2019-01-13,6,2019-01-01,26.0,59.0
920,2019-01-20,6,2019-01-01,,59.0
921,2019-01-20,6,2019-01-01,25.0,59.0
922,2019-01-27,5,2019-01-01,,63.0
923,2019-01-27,5,2019-01-01,28.0,63.0
924,2019-02-03,5,2019-02-01,,59.0
925,2019-02-03,5,2019-02-01,26.0,59.0
926,2019-02-10,5,2019-02-01,,64.0
927,2019-02-10,5,2019-02-01,29.0,64.0
928,2019-02-17,4,2019-02-01,,58.0
929,2019-02-17,4,2019-02-01,28.0,58.0
930,2019-02-24,4,2019-02-01,,65.0
931,2019-02-24,4,2019-02-01,30.0,65.0
932,2019-03-03,4,2019-03-01,,62.0
933,2019-03-03,4,2019-03-01,28.0,62.0
934,2019-03-10,4,2019-03-01,,61.0
935,2019-03-10,4,2019-03-01,26.0,61.0
936,2019-03-17,4,2019-03-01,,57.0
937,2019-03-17,4,2019-03-01,26.0,57.0
938,2019-03-24,4,2019-03-01,,60.0
939,2019-03-24,4,2019-03-01,29.0,60.0
940,2019-03-31,4,2019-03-01,,66.0
941,2019-03-31,4,2019-03-01,32.0,66.0
942,2019-04-07,4,2019-04-01,,60.0
943,2019-04-07,4,2019-04-01,30.0,60.0
944,2019-04-14,4,2019-04-01,,56.0
945,2019-04-14,4,2019-04-01,29.0,56.0
946,2019-04-21,4,2019-04-01,,65.0
947,2019-04-21,4,2019-04-01,31.0,65.0
948,2019-04-28,4,2019-04-01,,67.0
949,2019-04-28,4,2019-04-01,35.0,67.0
950,2019-05-05,4,2019-05-01,,68.0
951,2019-05-05,4,2019-05-01,30.0,68.0
952,2019-05-12,3,2019-05-01,,63.0
953,2019-05-12,3,2019-05-01,26.0,63.0
954,2019-05-19,3,2019-05-01,,54.0
955,2019-05-19,3,2019-05-01,22.0,54.0
956,2019-05-26,4,2019-05-01,,51.0
957,2019-05-26,4,2019-05-01,20.0,51.0
958,2019-06-02,4,2019-06-01,,47.0
959,2019-06-02,4,2019-06-01,21.0,47.0
960,2019-06-09,4,2019-06-01,,43.0
961,2019-06-09,4,2019-06-01,20.0,43.0
962,2019-06-16,4,2019-06-01,,41.0
963,2019-06-16,4,2019-06-01,21.0,41.0
964,2019-06-23,4,2019-06-01,,39.0
965,2019-06-23,4,2019-06-01,19.0,39.0
966,2019-06-30,4,2019-06-01,,36.0
967,2019-06-30,4,2019-06-01,17.0,36.0
968,2019-07-07,4,2019-07-01,,42.0
969,2019-07-07,4,2019-07-01,21.0,42.0
970,2019-07-14,4,2019-07-01,,43.0
971,2019-07-14,4,2019-07-01,19.0,43.0
972,2019-07-21,4,2019-07-01,,40.0
973,2019-07-21,4,2019-07-01,21.0,40.0
974,2019-07-28,4,2019-07-01,,41.0
975,2019-07-28,4,2019-07-01,20.0,41.0
976,2019-08-04,4,2019-08-01,,39.0
977,2019-08-04,4,2019-08-01,17.0,39.0
978,2019-08-11,4,2019-08-01,,47.0
979,2019-08-11,4,2019-08-01,19.0,47.0
980,2019-08-18,4,2019-08-01,,55.0
981,2019-08-18,4,2019-08-01,18.0,55.0
982,2019-08-25,3,2019-08-01,,58.0
983,2019-08-25,3,2019-08-01,18.0,58.0
984,2019-09-01,3,2019-09-01,,57.0
985,2019-09-01,3,2019-09-01,19.0,57.0
986,2019-09-08,3,2019-09-01,,68.0
987,2019-09-08,3,2019-09-01,24.0,68.0
988,2019-09-15,3,2019-09-01,,66.0
989,2019-09-15,3,2019-09-01,27.0,66.0
990,2019-09-22,4,2019-09-01,,63.0
991,2019-09-22,4,2019-09-01,28.0,63.0
992,2019-09-29,4,2019-09-01,,63.0
993,2019-09-29,4,2019-09-01,28.0,63.0
994,2019-10-06,4,2019-10-01,,61.0
995,2019-10-06,4,2019-10-01,28.0,61.0
996,2019-10-13,4,2019-10-01,,58.0
997,2019-10-13,4,2019-10-01,29.0,58.0
998,2019-10-20,4,2019-10-01,,57.0
999,2019-10-20,4,2019-10-01,27.0,57.0
1000,2019-10-27,4,2019-10-01,,52.0
1001,2019-10-27,4,2019-10-01,29.0,52.0
1002,2019-11-03,4,2019-11-01,,60.0
1003,2019-11-03,4,2019-11-01,29.0,60.0
1004,2019-11-10,4,2019-11-01,,59.0
1005,2019-11-10,4,2019-11-01,28.0,59.0
1006,2019-11-17,4,2019-11-01,,59.0
1007,2019-11-17,4,2019-11-01,30.0,59.0
1008,2019-11-24,3,2019-11-01,,37.0
1009,2019-11-24,3,2019-11-01,23.0,37.0
1010,2019-12-01,4,2019-12-01,,60.0
1011,2019-12-01,4,2019-12-01,29.0,60.0
1012,2019-12-08,4,2019-12-01,,69.0
1013,2019-12-08,4,2019-12-01,30.0,69.0
1014,2019-12-15,4,2019-12-01,,55.0
1015,2019-12-15,4,2019-12-01,27.0,55.0
1016,2019-12-22,4,2019-12-01,,31.0
1017,2019-12-22,4,2019-12-01,19.0,31.0
1018,2019-12-29,5,2019-12-01,,35.0
1019,2019-12-29,5,2019-12-01,18.0,35.0
1020,2020-01-05,5,2020-01-01,,52.0
1021,2020-01-05,5,2020-01-01,22.0,52.0
1022,2020-01-12,5,2020-01-01,,67.0
1023,2020-01-12,5,2020-01-01,24.0,67.0
1024,2020-01-19,5,2020-01-01,,64.0
1025,2020-01-19,5,2020-01-01,25.0,64.0
1026,2020-01-26,5,2020-01-01,,62.0
1027,2020-01-26,5,2020-01-01,27.0,62.0
1028,2020-02-02,5,2020-02-01,,66.0
1029,2020-02-02,5,2020-02-01,28.0,66.0
1030,2020-02-09,5,2020-02-01,,70.0
1031,2020-02-09,5,2020-02-01,30.0,70.0
1032,2020-02-16,4,2020-02-01,,61.0
1033,2020-02-16,4,2020-02-01,27.0,61.0
1034,2020-02-23,5,2020-02-01,,70.0
1035,2020-02-23,5,2020-02-01,31.0,70.0
1036,2020-03-01,4,2020-03-01,,64.0
1037,2020-03-01,4,2020-03-01,28.0,64.0
1038,2020-03-08,5,2020-03-01,,77.0
1039,2020-03-08,5,2020-03-01,25.0,77.0
1040,2020-03-15,39,2020-03-01,,76.0
1041,2020-03-15,39,2020-03-01,23.0,76.0
1042,2020-03-22,73,2020-03-01,,80.0
1043,2020-03-22,73,2020-03-01,29.0,80.0
1044,2020-03-29,100,2020-03-01,,74.0
1045,2020-03-29,100,2020-03-01,28.0,74.0
1046,2020-04-05,89,2020-04-01,,75.0
1047,2020-04-05,89,2020-04-01,31.0,75.0
1048,2020-04-12,95,2020-04-01,,100.0
1049,2020-04-12,95,2020-04-01,30.0,100.0
1050,2020-04-19,87,2020-04-01,,83.0
1051,2020-04-19,87,2020-04-01,30.0,83.0
1052,2020-04-26,82,2020-04-01,,79.0
1053,2020-04-26,82,2020-04-01,29.0,79.0
1054,2020-05-03,71,2020-05-01,,73.0
1055,2020-05-03,71,2020-05-01,32.0,73.0
1056,2020-05-10,64,2020-05-01,,63.0
1057,2020-05-10,64,2020-05-01,31.0,63.0
1058,2020-05-17,65,2020-05-01,,47.0
1059,2020-05-17,65,2020-05-01,28.0,47.0
1060,2020-05-24,61,2020-05-01,,43.0
1061,2020-05-24,61,2020-05-01,23.0,43.0
1062,2020-05-31,58,2020-05-01,,40.0
1063,2020-05-31,58,2020-05-01,20.0,40.0
1064,2020-06-07,54,2020-06-01,,43.0
1065,2020-06-07,54,2020-06-01,24.0,43.0
1066,2020-06-14,49,2020-06-01,,33.0
1067,2020-06-14,49,2020-06-01,22.0,33.0
1068,2020-06-21,53,2020-06-01,,35.0
1069,2020-06-21,53,2020-06-01,21.0,35.0
1070,2020-06-28,55,2020-06-01,,37.0
1071,2020-06-28,55,2020-06-01,21.0,37.0
1072,2020-07-05,54,2020-07-01,,33.0
1073,2020-07-05,54,2020-07-01,22.0,33.0
1074,2020-07-12,52,2020-07-01,,37.0
1075,2020-07-12,52,2020-07-01,22.0,37.0
1076,2020-07-19,57,2020-07-01,,33.0
1077,2020-07-19,57,2020-07-01,25.0,33.0
1078,2020-07-26,54,2020-07-01,,36.0
1079,2020-07-26,54,2020-07-01,24.0,36.0
1080,2020-08-02,52,2020-08-01,,34.0
1081,2020-08-02,52,2020-08-01,24.0,34.0
1082,2020-08-09,50,2020-08-01,,35.0
1083,2020-08-09,50,2020-08-01,23.0,35.0
1084,2020-08-16,42,2020-08-01,,41.0
1085,2020-08-16,42,2020-08-01,20.0,41.0
1086,2020-08-23,48,2020-08-01,,50.0
1087,2020-08-23,48,2020-08-01,30.0,50.0
1088,2020-08-30,41,2020-08-01,,57.0
1089,2020-08-30,41,2020-08-01,29.0,57.0
1090,2020-09-06,43,2020-09-01,,58.0
1091,2020-09-06,43,2020-09-01,24.0,58.0
1092,2020-09-13,41,2020-09-01,,69.0
1093,2020-09-13,41,2020-09-01,29.0,69.0
1094,2020-09-20,36,2020-09-01,,64.0
1095,2020-09-20,36,2020-09-01,27.0,64.0
1096,2020-09-27,34,2020-09-01,,67.0
1097,2020-09-27,34,2020-09-01,27.0,67.0
1098,2020-10-04,30,2020-10-01,,64.0
1099,2020-10-04,30,2020-10-01,28.0,64.0
1100,2020-10-11,32,2020-10-01,,51.0
1101,2020-10-11,32,2020-10-01,26.0,51.0
1102,2020-10-18,32,2020-10-01,,57.0
1103,2020-10-18,32,2020-10-01,28.0,57.0
1104,2020-10-25,26,2020-10-01,,56.0
1105,2020-10-25,26,2020-10-01,28.0,56.0
1106,2020-11-01,21,2020-11-01,,51.0
1107,2020-11-01,21,2020-11-01,23.0,51.0
1108,2020-11-08,26,2020-11-01,,52.0
1109,2020-11-08,26,2020-11-01,27.0,52.0
1110,2020-11-15,26,2020-11-01,,49.0
1111,2020-11-15,26,2020-11-01,29.0,49.0
1112,2020-11-22,26,2020-11-01,,32.0
1113,2020-11-22,26,2020-11-01,21.0,32.0
1114,2020-11-29,31,2020-11-01,,47.0
1115,2020-11-29,31,2020-11-01,29.0,47.0
1116,2020-12-06,28,2020-12-01,,47.0
1117,2020-12-06,28,2020-12-01,30.0,47.0
1118,2020-12-13,31,2020-12-01,,42.0
1119,2020-12-13,31,2020-12-01,31.0,42.0
1120,2020-12-20,37,2020-12-01,,25.0
1121,2020-12-20,37,2020-12-01,21.0,25.0
1122,2020-12-27,42,2020-12-01,,24.0
1123,2020-12-27,42,2020-12-01,21.0,24.0
1124,2021-01-03,45,2021-01-01,,36.0
1125,2021-01-03,45,2021-01-01,25.0,36.0
1126,2021-01-10,41,2021-01-01,,41.0
1127,2021-01-10,41,2021-01-01,31.0,41.0
1128,2021-01-17,41,2021-01-01,,45.0
1129,2021-01-17,41,2021-01-01,31.0,45.0
1130,2021-01-24,41,2021-01-01,,49.0
1131,2021-01-24,41,2021-01-01,32.0,49.0
1132,2021-01-31,39,2021-01-01,,46.0
1133,2021-01-31,39,2021-01-01,33.0,46.0
1134,2021-02-07,32,2021-02-01,,43.0
1135,2021-02-07,32,2021-02-01,35.0,43.0
1136,2021-02-14,34,2021-02-01,,38.0
1137,2021-02-14,34,2021-02-01,34.0,38.0
1138,2021-02-21,31,2021-02-01,,45.0
1139,2021-02-21,31,2021-02-01,43.0,45.0
1140,2021-02-28,28,2021-02-01,,45.0
1141,2021-02-28,28,2021-02-01,42.0,45.0
1142,2021-03-07,33,2021-03-01,,45.0
1143,2021-03-07,33,2021-03-01,41.0,45.0
1144,2021-03-14,32,2021-03-01,,41.0
1145,2021-03-14,32,2021-03-01,36.0,41.0
1146,2021-03-21,34,2021-03-01,,43.0
1147,2021-03-21,34,2021-03-01,33.0,43.0
1148,2021-03-28,30,2021-03-01,,36.0
1149,2021-03-28,30,2021-03-01,31.0,36.0
1150,2021-04-04,29,2021-04-01,,41.0
1151,2021-04-04,29,2021-04-01,34.0,41.0
1152,2021-04-11,25,2021-04-01,,46.0
1153,2021-04-11,25,2021-04-01,37.0,46.0
1154,2021-04-18,26,2021-04-01,,43.0
1155,2021-04-18,26,2021-04-01,33.0,43.0
1156,2021-04-25,28,2021-04-01,,48.0
1157,2021-04-25,28,2021-04-01,37.0,48.0
1158,2021-05-02,31,2021-05-01,,51.0
1159,2021-05-02,31,2021-05-01,50.0,51.0
1160,2021-05-09,29,2021-05-01,,45.0
1161,2021-05-09,29,2021-05-01,78.0,45.0
1162,2021-05-16,27,2021-05-01,,44.0
1163,2021-05-16,27,2021-05-01,43.0,44.0
1164,2021-05-23,25,2021-05-01,,39.0
1165,2021-05-23,25,2021-05-01,39.0,39.0
1166,2021-05-30,26,2021-05-01,,34.0
1167,2021-05-30,26,2021-05-01,36.0,34.0
1168,2021-06-06,28,2021-06-01,,34.0
1169,2021-06-06,28,2021-06-01,49.0,34.0
1170,2021-06-13,24,2021-06-01,,33.0
1171,2021-06-13,24,2021-06-01,49.0,33.0
1172,2021-06-20,24,2021-06-01,,31.0
1173,2021-06-20,24,2021-06-01,37.0,31.0
1174,2021-06-27,23,2021-06-01,,29.0
1175,2021-06-27,23,2021-06-01,30.0,29.0
1176,2021-07-04,23,2021-07-01,,29.0
1177,2021-07-04,23,2021-07-01,31.0,29.0
1178,2021-07-11,23,2021-07-01,,32.0
1179,2021-07-11,23,2021-07-01,45.0,32.0
1180,2021-07-18,20,2021-07-01,,30.0
1181,2021-07-18,20,2021-07-01,35.0,30.0
1182,2021-07-25,20,2021-07-01,,29.0
1183,2021-07-25,20,2021-07-01,33.0,29.0
1184,2021-08-01,19,2021-08-01,,26.0
1185,2021-08-01,19,2021-08-01,30.0,26.0
1186,2021-08-08,21,2021-08-01,,29.0
1187,2021-08-08,21,2021-08-01,32.0,29.0
1188,2021-08-15,19,2021-08-01,,32.0
1189,2021-08-15,19,2021-08-01,31.0,32.0
1190,2021-08-22,19,2021-08-01,,36.0
1191,2021-08-22,19,2021-08-01,29.0,36.0
1192,2021-08-29,19,2021-08-01,,40.0
1193,2021-08-29,19,2021-08-01,25.0,40.0
1194,2021-09-05,20,2021-09-01,,41.0
1195,2021-09-05,20,2021-09-01,28.0,41.0
1196,2021-09-12,16,2021-09-01,,45.0
1197,2021-09-12,16,2021-09-01,36.0,45.0
1198,2021-09-19,12,2021-09-01,,47.0
1199,2021-09-19,12,2021-09-01,33.0,47.0
1200,2021-09-26,11,2021-09-01,,44.0
1201,2021-09-26,11,2021-09-01,36.0,44.0
1202,2021-10-03,9,2021-10-01,,44.0
1203,2021-10-03,9,2021-10-01,39.0,44.0
1204,2021-10-10,8,2021-10-01,,44.0
1205,2021-10-10,8,2021-10-01,52.0,44.0
1206,2021-10-17,7,2021-10-01,,49.0
1207,2021-10-17,7,2021-10-01,49.0,49.0
1208,2021-10-24,8,2021-10-01,,42.0
1209,2021-10-24,8,2021-10-01,51.0,42.0
1210,2021-10-31,7,2021-10-01,,41.0
1211,2021-10-31,7,2021-10-01,43.0,41.0
1212,2021-11-07,7,2021-11-01,,45.0
1213,2021-11-07,7,2021-11-01,85.0,45.0
1214,2021-11-14,7,2021-11-01,,46.0
1215,2021-11-14,7,2021-11-01,68.0,46.0
1216,2021-11-21,6,2021-11-01,,33.0
1217,2021-11-21,6,2021-11-01,43.0,33.0
1218,2021-11-28,6,2021-11-01,,37.0
1219,2021-11-28,6,2021-11-01,48.0,37.0
1220,2021-12-05,7,2021-12-01,,45.0
1221,2021-12-05,7,2021-12-01,64.0,45.0
1222,2021-12-12,6,2021-12-01,,40.0
1223,2021-12-12,6,2021-12-01,59.0,40.0
1224,2021-12-19,6,2021-12-01,,25.0
1225,2021-12-19,6,2021-12-01,41.0,25.0
1226,2021-12-26,6,2021-12-01,,23.0
1227,2021-12-26,6,2021-12-01,38.0,23.0
1228,2022-01-02,8,2022-01-01,,38.0
1229,2022-01-02,8,2022-01-01,46.0,38.0
1230,2022-01-09,9,2022-01-01,,42.0
1231,2022-01-09,9,2022-01-01,68.0,42.0
1232,2022-01-16,8,2022-01-01,,48.0
1233,2022-01-16,8,2022-01-01,55.0,48.0
1234,2022-01-23,9,2022-01-01,,61.0
1235,2022-01-23,9,2022-01-01,70.0,61.0
1236,2022-01-30,9,2022-01-01,,46.0
1237,2022-01-30,9,2022-01-01,53.0,46.0
1238,2022-02-06,8,2022-02-01,,59.0
1239,2022-02-06,8,2022-02-01,89.0,59.0
1240,2022-02-13,7,2022-02-01,,60.0
1241,2022-02-13,7,2022-02-01,80.0,60.0
1242,2022-02-20,6,2022-02-01,,63.0
1243,2022-02-20,6,2022-02-01,60.0,63.0
1244,2022-02-27,6,2022-02-01,,82.0
1245,2022-02-27,6,2022-02-01,71.0,82.0
1246,2022-03-06,6,2022-03-01,,78.0
1247,2022-03-06,6,2022-03-01,100.0,78.0
1248,2022-03-13,5,2022-03-01,,64.0
1249,2022-03-13,5,2022-03-01,79.0,64.0
1250,2022-03-20,6,2022-03-01,,66.0
1251,2022-03-20,6,2022-03-01,66.0,66.0
1252,2022-03-27,5,2022-03-01,,72.0
1253,2022-03-27,5,2022-03-01,70.0,72.0
